{"id":"0526b5a9-7f44-4618-b1d5-29e05e93720c","name":"Reader Breadcrumb","category":"READER","variant":{"grapesjsConf":{"components":"{\"type\":\"ft-reader-page-map-custom\",\"name\":\"Custom\",\"attributes\":{\"page-id\":\"0526b5a9-7f44-4618-b1d5-29e05e93720c\",\"custom-id\":\"d2605de2-e07b-4b6b-803a-d64608f54fe5\",\"renderStrategy\":\"when-visible\",\"custom-component-context\":\"SHARED\",\"shared\":false,\"id\":\"d822121\"}}","css":"#d822121{width:100%;}@media (max-width: 1024px){#d822121{width:100%;}}","html":"<ft-reader-page-map-custom page-id=\"0526b5a9-7f44-4618-b1d5-29e05e93720c\" custom-id=\"d2605de2-e07b-4b6b-803a-d64608f54fe5\" renderstrategy=\"when-visible\" custom-component-context=\"SHARED\" id=\"d822121\"></ft-reader-page-map-custom>","styles":"[{\"selectors\":[\"#d822121\"],\"style\":{\"width\":\"100%\"},\"mediaText\":\"(max-width: 1024px)\",\"atRuleType\":\"media\"},{\"selectors\":[\"#d822121\"],\"style\":{\"width\":\"100%\"}}]"},"customHtmlJs":{"d2605de2-e07b-4b6b-803a-d64608f54fe5":{"html":"<div id=\"breadcrumb\"></div>","css":"/* Main breadcrumb container */\n#breadcrumb {\n  display: flex;\n  align-items: center;\n  flex-wrap: wrap;\n}\n\n/* Individual breadcrumb items */\n.breadcrumb-item {\n  display: flex;\n  align-items: center;\n  gap: 4px;\n  padding-right: 4px;\n\n  @media (max-width: 1024px) {\n    max-width: 33%;\n  }\n}\n\n/* Base breadcrumb link styles */\n.breadcrumb-link {\n  display: inline-block;\n  min-height: 24px;\n  font-family: custom-font1, Arial, Helvetica, Verdana, sans-serif !important;\n  font-size: 15px;\n  font-weight: 500;\n  line-height: normal;\n  text-decoration: none;\n  text-align: center;\n  color: var(----accent-default-solid, #00AEEF);\n  cursor: pointer;\n  transition: color 0.3s ease;\n\n  @media (max-width: 1024px) {\n    white-space: nowrap;\n    overflow: hidden;\n    text-overflow: ellipsis;\n  }\n\n  /* Interactive states */\n  &:hover {\n    color: var(--Accent-Hover, #0bbeff);\n  }\n\n  &:active {\n    color: var(--Accent-Pressed, #0091c6);\n  }\n\n  /* Icon transitions */\n  svg,\n  path {\n    transition: fill 0.3s ease;\n  }\n\n  &:hover svg,\n  &:hover path {\n    fill: var(--Accent-Hover, #0bbeff);\n  }\n}\n\n/* Current page breadcrumb (non-clickable) */\n.breadcrumb-current {\n  color: #fff !important;\n  cursor: default;\n  pointer-events: none;\n  font-weight: 500;\n}\n\n/* Breadcrumb separator */\n.breadcrumb-slash-separator {\n  color: rgba(240, 240, 240, 0.30);\n  margin: 0 8px;\n  font-weight: 500;\n  font-size: 1em;\n  user-select: none;\n}\n\n/* Trademark superscript styling */\n.breadcrumb-link sup,\n.breadcrumb-current sup {\n  font-size: 0.7em;\n  font-weight: normal;\n  line-height: 1;\n  margin-left: 1px;\n  vertical-align: super;\n}","js":"(async () => {\n  const LOCALIZATION_CONTEXT = \"breadcrumb-navigation\";\n  const UPDATE_INTERVAL = 100;\n  const breadcrumbContainer = document.getElementById(\"breadcrumb\");\n\n  function sanitizeMetadataValue(value) {\n    if (typeof value !== 'string' || !value.trim()) return null;\n    return value.trim().slice(0, 500).replace(/[<>]/g, '') || null;\n  }\n\n  async function fetchLocalizedLabels() {\n    try {\n      await FluidTopicsCustomI18nService.fetchContext(LOCALIZATION_CONTEXT);\n      const content = FluidTopicsCustomI18nService.cache?.content?.[LOCALIZATION_CONTEXT];\n      return content?.messages || {};\n    } catch (error) {\n      console.error('Breadcrumb: Failed to fetch localization labels:', error);\n      return {};\n    }\n  }\n\n  function createUrlFromPath(origin, urlPath) {\n    if (!urlPath || !origin) return null;\n    try {\n      return urlPath.startsWith('/') ? `${origin}${urlPath}` : `${origin}/r/${urlPath}`;\n    } catch (error) {\n      console.error('Breadcrumb: Error creating URL:', error);\n      return null;\n    }\n  }\n\n  function searchTocRecursively(tocItems, currentPath) {\n    if (!Array.isArray(tocItems)) return null;\n    for (const item of tocItems) {\n      const topicPath = item.prettyUrl.startsWith('/') ? item.prettyUrl : `/${item.prettyUrl}`;\n      if (currentPath === topicPath || currentPath.endsWith(topicPath)) {\n        return item;\n      }\n      if (item.children && Array.isArray(item.children) && item.children.length > 0) {\n        const foundInChildren = searchTocRecursively(item.children, currentPath);\n        if (foundInChildren) {\n          return foundInChildren;\n        }\n      }\n    }\n    return null;\n  }\n\n  function findCurrentTopicFromToc(currentUrl) {\n    if (typeof toc === 'undefined' || !Array.isArray(toc)) return null;\n    try {\n      const url = new URL(currentUrl);\n      const currentPath = url.pathname;\n      return searchTocRecursively(toc, currentPath);\n    } catch (error) {\n      console.error('Breadcrumb: Error finding current topic from TOC:', error);\n      return null;\n    }\n  }\n\n  function extractBreadcrumbData(currentUrl) {\n    const url = new URL(currentUrl);\n    const currentTopic = findCurrentTopicFromToc(currentUrl);\n    return {\n      origin: url.origin,\n      mapTitle: (typeof map !== 'undefined' && map?.title) ? sanitizeMetadataValue(map.title) : null,\n      topicTitle: currentTopic ? sanitizeMetadataValue(currentTopic.title) : null,\n      mapPrettyUrl: (typeof map !== 'undefined') ? map.readerUrl : null,\n      topicPrettyUrl: currentTopic ? currentTopic.prettyUrl : null\n    };\n  }\n\n  function createBreadcrumbItem(text, href = null, isCurrent = false) {\n    const item = document.createElement(\"div\");\n    item.className = \"breadcrumb-item\";\n    const element = href ? document.createElement(\"a\") : document.createElement(\"span\");\n    element.className = \"breadcrumb-link\";\n    element.textContent = text;\n    if (isCurrent) {\n      element.classList.add(\"breadcrumb-current\");\n      element.setAttribute(\"aria-current\", \"page\");\n    }\n    if (href) {\n      element.href = href;\n      element.setAttribute(\"aria-label\", text);\n      element.setAttribute(\"tabindex\", \"0\");\n    }\n    item.appendChild(element);\n    return item;\n  }\n\n  function createBreadcrumbSeparator() {\n    const separator = document.createElement(\"span\");\n    separator.className = \"breadcrumb-slash-separator\";\n    separator.setAttribute(\"aria-hidden\", \"true\");\n    separator.textContent = \"/\";\n    return separator;\n  }\n\n  function buildBreadcrumbItems(data, labels) {\n    const items = [];\n    const homeText = labels.home || 'Home';\n    items.push({ text: homeText, href: data.origin, isCurrent: false });\n    if (data.mapTitle && data.mapTitle !== data.topicTitle) {\n      const mapUrl = createUrlFromPath(data.origin, data.mapPrettyUrl);\n      items.push({ text: data.mapTitle, href: mapUrl, isCurrent: false });\n    }\n    if (data.topicTitle) {\n      items.push({ text: data.topicTitle, href: null, isCurrent: true });\n    }\n    return items;\n  }\n\n  function renderBreadcrumbItems(items) {\n    if (!breadcrumbContainer) {\n      console.error('Breadcrumb: Container element not found');\n      return;\n    }\n    breadcrumbContainer.innerHTML = \"\";\n    items.forEach((item, index) => {\n      const breadcrumbItem = createBreadcrumbItem(item.text, item.href, item.isCurrent);\n      breadcrumbContainer.appendChild(breadcrumbItem);\n      if (index < items.length - 1) {\n        breadcrumbContainer.appendChild(createBreadcrumbSeparator());\n      }\n    });\n  }\n\n  async function createBreadcrumbNavigation(currentUrl) {\n    try {\n      const [labels, data] = await Promise.all([\n        fetchLocalizedLabels(),\n        Promise.resolve(extractBreadcrumbData(currentUrl))\n      ]);\n      const items = buildBreadcrumbItems(data, labels);\n      renderBreadcrumbItems(items);\n    } catch (error) {\n      console.error('Breadcrumb: Failed to create navigation:', error);\n    }\n  }\n\n  function initializeBreadcrumbComponent() {\n    let lastUrl = window.location.href;\n    createBreadcrumbNavigation(lastUrl);\n    const urlMonitor = setInterval(() => {\n      const currentUrl = window.location.href;\n      if (currentUrl !== lastUrl) {\n        lastUrl = currentUrl;\n        createBreadcrumbNavigation(currentUrl);\n      }\n    }, UPDATE_INTERVAL);\n    return () => clearInterval(urlMonitor);\n  }\n\n  initializeBreadcrumbComponent();\n})();"}}}}